Keyword Text,Competition,Competition Index,Search Volume,Low Top Page Bid,High Top Page Bid
bahis siteleri,LOW,4,260,2.28,8.22
bahis sıtelerı,LOW,4,260,2.28,8.22
betebet giriş,LOW,0,70,,
bahis sitesi,LOW,5,30,,
güncel bahis siteleri,UNSPECIFIED,0,10,,
bahis giriş,LOW,0,10,,
yeni bahis siteleri,LOW,0,10,,
artemisbet güncel giriş,LOW,0,10,,
betebet güncel adres,LOW,0,10,,
güncel bahis siteleri adresleri,UNSPECIFIED,0,10,,
artemisbet güncel,LOW,0,10,,
sanal bahis,LOW,0,10,,
on bahis güncel giriş,UNSPECIFIED,0,10,,
betebet giriş güncel,UNSPECIFIED,0,10,,
sanal bahis siteleri,LOW,0,10,,
bahis com güncel giriş,LOW,0,10,,
betebet giriş adresi,UNSPECIFIED,0,10,,
para yatırma,LOW,0,10,,
futbol bahis siteleri,UNSPECIFIED,0,10,,
tüm bahis siteleri,UNSPECIFIED,0,10,,
para bahis,LOW,29,10,,
bahis güncel giriş,UNSPECIFIED,0,10,,
artemisbet güncel adres,UNSPECIFIED,0,10,,
para bahis giriş,UNSPECIFIED,0,10,,
en güncel bahis siteleri,UNSPECIFIED,0,10,,
bahis sitesinden para çekme,UNSPECIFIED,0,10,,
oyun bahis siteleri,UNSPECIFIED,0,10,,
güncel betebet,UNSPECIFIED,0,10,,
bahis com güncel,LOW,0,10,,
gerçek bahis siteleri,UNSPECIFIED,0,10,,
bahis siteleri yeni,LOW,0,10,,
sanal bahis sitesi,UNSPECIFIED,0,10,,
bahis sitelerinden para çekme,UNSPECIFIED,0,10,,
bahis sitesine para yatırma,LOW,0,10,,
betebet bahis,UNSPECIFIED,0,10,,
bahis siteleri güncel adresleri,UNSPECIFIED,0,10,,
bahis oyun,LOW,9,10,,
güncel bahis,UNSPECIFIED,0,10,,
para bahis güncel giriş,UNSPECIFIED,0,10,,
bahis siteleri güncel,UNSPECIFIED,0,10,,
betebet para yatırma,UNSPECIFIED,0,10,,
sanal bahis oyunları,UNSPECIFIED,0,10,,
güncel artemisbet,UNSPECIFIED,0,10,,
garanti bahis,UNSPECIFIED,0,10,,
maksimum bahis,UNSPECIFIED,0,10,,
tum bahis siteleri,UNSPECIFIED,0,10,,
sanal para ile bahis,UNSPECIFIED,0,10,,
bahis siteleri yeni giriş adresleri,LOW,0,10,,
garanti bahis siteleri,UNSPECIFIED,0,10,,
bahis para yatırma,UNSPECIFIED,0,10,,
bahis siteleri para çekme,UNSPECIFIED,0,10,,
bahis siteleri para yatırma,LOW,0,10,,
bahis siteleri inceleme,UNSPECIFIED,0,10,,
bahis para,UNSPECIFIED,0,10,,
en bahis siteleri,UNSPECIFIED,0,10,,
bahis oyun sitesi,UNSPECIFIED,0,10,,
bahis seçenekleri,UNSPECIFIED,0,10,,
bahis sitelerine güvenli para yatırma,UNSPECIFIED,0,10,,
güncel bahis adresleri,UNSPECIFIED,0,10,,
